{
    "Qwen": {
        "Acc": [
            0.7659016393442623
        ],
        "DigitsAcc": [
            0.6686567164179105
        ],
        "YesNoAcc": [
            0.9538461538461539
        ],
        "AllDigits": {
            "0": 0.993127147766323,
            "1": 0.5075075075075075,
            "2": 0.7808510638297872,
            "3": 0.3963963963963964,
            "4": 0.4129353233830846,
            "5": 0.16483516483516483
        },
        "AllCategories": {
            "iid": {
                "yesno": 0.9929078014184397,
                "number": 0.4253246753246753,
                "detailed_number": {
                    "0": 1.0,
                    "1": 0.2857142857142857,
                    "2": 0.5909090909090909,
                    "3": 0.21739130434782608,
                    "4": 0.06666666666666667,
                    "5": 0.0
                }
            },
            "occlusion": {
                "yesno": 0.9357142857142857,
                "number": 0.9777777777777777,
                "detailed_number": {
                    "0": 0.9777777777777777,
                    "1": NaN,
                    "2": NaN,
                    "3": NaN,
                    "4": NaN,
                    "5": NaN
                }
            },
            "context": {
                "yesno": 0.8581560283687943,
                "number": 0.6022304832713755,
                "detailed_number": {
                    "0": 1.0,
                    "1": 0.52,
                    "2": 0.8918918918918919,
                    "3": 0.08333333333333333,
                    "4": 0.0,
                    "5": 0.0
                }
            },
            "pose": {
                "yesno": 0.965034965034965,
                "number": 0.6807692307692308,
                "detailed_number": {
                    "0": 1.0,
                    "1": 0.46551724137931033,
                    "2": 0.7764705882352941,
                    "3": 0.5454545454545454,
                    "4": 0.4,
                    "5": 0.0
                }
            },
            "shape": {
                "yesno": 0.9180327868852459,
                "number": 0.7456647398843931,
                "detailed_number": {
                    "0": 1.0,
                    "1": 0.46551724137931033,
                    "2": 0.9240506329113924,
                    "3": 0.6052631578947368,
                    "4": 0.5384615384615384,
                    "5": 0.5714285714285714
                }
            },
            "texture": {
                "yesno": 0.9822485207100592,
                "number": 0.695,
                "detailed_number": {
                    "0": 1.0,
                    "1": 0.8035714285714286,
                    "2": 0.6533333333333333,
                    "3": 0.5,
                    "4": 0.6962025316455697,
                    "5": 0.125
                }
            },
            "weather": {
                "yesno": 1.0,
                "number": 0.6558704453441295,
                "detailed_number": {
                    "0": 1.0,
                    "1": 0.5,
                    "2": 0.8840579710144928,
                    "3": 0.25,
                    "4": 0.16666666666666666,
                    "5": 0.0625
                }
            }
        }
    }
}