{
    "QwenChat": {
        "Acc": [
            0.7295081967213115
        ],
        "DigitsAcc": [
            0.6156547917711992
        ],
        "YesNoAcc": [
            0.9441816461684012
        ],
        "AllDigits": {
            "0": 0.998003992015968,
            "1": 0.2996389891696751,
            "2": 0.738,
            "3": 0.3601036269430052,
            "4": 0.5148936170212766,
            "5": 0.1595744680851064
        },
        "AllCategories": {
            "iid": {
                "yesno": 0.9700598802395209,
                "number": 0.42378048780487804,
                "detailed_number": {
                    "0": 1.0,
                    "1": 0.22916666666666666,
                    "2": 0.6493506493506493,
                    "3": 0.20833333333333334,
                    "4": 0.2631578947368421,
                    "5": 0.045454545454545456
                }
            },
            "occlusion": {
                "yesno": 0.9159663865546218,
                "number": 1.0,
                "detailed_number": {
                    "0": 1.0,
                    "1": NaN,
                    "2": NaN,
                    "3": NaN,
                    "4": NaN,
                    "5": NaN
                }
            },
            "context": {
                "yesno": 0.9125,
                "number": 0.573076923076923,
                "detailed_number": {
                    "0": 0.9772727272727273,
                    "1": 0.18518518518518517,
                    "2": 0.8333333333333334,
                    "3": 0.24324324324324326,
                    "4": 0.5,
                    "5": 0.0
                }
            },
            "pose": {
                "yesno": 0.9523809523809523,
                "number": 0.6062992125984252,
                "detailed_number": {
                    "0": 1.0,
                    "1": 0.36,
                    "2": 0.7469879518072289,
                    "3": 0.24242424242424243,
                    "4": 0.42857142857142855,
                    "5": 0.09090909090909091
                }
            },
            "shape": {
                "yesno": 0.9285714285714286,
                "number": 0.6317365269461078,
                "detailed_number": {
                    "0": 1.0,
                    "1": 0.32653061224489793,
                    "2": 0.7901234567901234,
                    "3": 0.5054945054945055,
                    "4": 0.5526315789473685,
                    "5": 0.42105263157894735
                }
            },
            "texture": {
                "yesno": 0.9548387096774194,
                "number": 0.6380697050938338,
                "detailed_number": {
                    "0": 1.0,
                    "1": 0.5121951219512195,
                    "2": 0.6588235294117647,
                    "3": 0.4835164835164835,
                    "4": 0.7058823529411765,
                    "5": 0.17647058823529413
                }
            },
            "weather": {
                "yesno": 0.967741935483871,
                "number": 0.5893536121673004,
                "detailed_number": {
                    "0": 1.0,
                    "1": 0.2,
                    "2": 0.7380952380952381,
                    "3": 0.3157894736842105,
                    "4": 0.3103448275862069,
                    "5": 0.14285714285714285
                }
            }
        }
    }
}