{
    "QwenChat": {
        "Acc": [
            0.7577049180327868
        ],
        "DigitsAcc": [
            0.6512794781736077
        ],
        "YesNoAcc": [
            0.9583727530747398
        ],
        "AllDigits": {
            "0": 0.9960079840319361,
            "1": 0.49458483754512633,
            "2": 0.824,
            "3": 0.37305699481865284,
            "4": 0.39574468085106385,
            "5": 0.13829787234042554
        },
        "AllCategories": {
            "iid": {
                "yesno": 0.9820359281437125,
                "number": 0.40853658536585363,
                "detailed_number": {
                    "0": 1.0,
                    "1": 0.25,
                    "2": 0.6883116883116883,
                    "3": 0.19791666666666666,
                    "4": 0.07894736842105263,
                    "5": 0.0
                }
            },
            "occlusion": {
                "yesno": 0.9411764705882353,
                "number": 0.988950276243094,
                "detailed_number": {
                    "0": 0.988950276243094,
                    "1": NaN,
                    "2": NaN,
                    "3": NaN,
                    "4": NaN,
                    "5": NaN
                }
            },
            "context": {
                "yesno": 0.8875,
                "number": 0.6,
                "detailed_number": {
                    "0": 1.0,
                    "1": 0.4444444444444444,
                    "2": 0.8888888888888888,
                    "3": 0.13513513513513514,
                    "4": 0.08333333333333333,
                    "5": 0.09090909090909091
                }
            },
            "pose": {
                "yesno": 0.9727891156462585,
                "number": 0.6850393700787402,
                "detailed_number": {
                    "0": 1.0,
                    "1": 0.54,
                    "2": 0.8554216867469879,
                    "3": 0.3333333333333333,
                    "4": 0.38095238095238093,
                    "5": 0.09090909090909091
                }
            },
            "shape": {
                "yesno": 0.9415584415584416,
                "number": 0.7035928143712575,
                "detailed_number": {
                    "0": 1.0,
                    "1": 0.5510204081632653,
                    "2": 0.9259259259259259,
                    "3": 0.5714285714285714,
                    "4": 0.4473684210526316,
                    "5": 0.42105263157894735
                }
            },
            "texture": {
                "yesno": 0.9870967741935484,
                "number": 0.6729222520107239,
                "detailed_number": {
                    "0": 1.0,
                    "1": 0.7804878048780488,
                    "2": 0.7176470588235294,
                    "3": 0.4945054945054945,
                    "4": 0.6705882352941176,
                    "5": 0.11764705882352941
                }
            },
            "weather": {
                "yesno": 0.9935483870967742,
                "number": 0.6425855513307985,
                "detailed_number": {
                    "0": 1.0,
                    "1": 0.42857142857142855,
                    "2": 0.8571428571428571,
                    "3": 0.3157894736842105,
                    "4": 0.20689655172413793,
                    "5": 0.07142857142857142
                }
            }
        }
    }
}